Image Name,average_CND_diameter
20191115_RI5108_ESC_DAPI_SIR_THR_2.ome.tiff,0.254643865902881
20191115_RI5108_ESC_DAPI_SIR_THR_1.ome.tiff,0.25014475076792
20191115_RI5108_ESC_DAPI_SIR_THR_3.ome.tiff,0.239600126066528
